,sequence,MIC,type
0,AAAAAAAIKMLMDLVNERIMALNKKAKK,20.00000001547424,1
1,AAGMGFFGAR,25.400000022228166,1
2,AAHCIALRKGYK,30.000000019365025,1
3,AAHCIQLGKR,30.000000019365025,1
4,AAHCIVLHHN,30.000000019365025,1
5,AAHCLAIGRK,7.49999999323558,1
6,AAHCLAIGRR,14.061618033076694,1
7,AAHCLAKRKK,30.000000019365025,1
8,AAHCLAMRRK,30.000000019365025,1
9,AAHCLIGRK,14.99999999807684,1
10,AAHCLLKRKR,14.99999999807684,1
11,AAKCLVQRRR,14.99999999807684,1
12,AAKHAAHRA,536.4568572204114,1
13,AANCITLGKA,30.000000019365025,1
14,AANCLSLGKA,30.000000019365025,1
15,AARCLSQRRK,30.000000019365025,1
16,AAYLLAKINLKALAALAKKIL,10.855865583397172,1
17,ACADLRGKTFCRLFKSYCDKKGIRGRLMRDKCSYSCGCR,4.999999996131441,1
18,ACDTATCVTHRLAGLLSRSGGVVKNNFVPTNVGSKAF,131.84588326531642,1
19,AFGMALKLLKKVL,4.700000000695675,1
20,AFGVLAKVAAHVVPAIAEHF,64.00000000237446,1
21,AGWGSIFKHIFKAGKFIHGAIQAHND,5.611622876358785,1
22,AGYLLGKINLKPLAALAKKIL,57.95079203444273,1
23,AGYLLPKINLKPLAKLPKKIL,54.88930565139989,1
24,AHCLAIGRK,51.64340680301119,1
25,AHCLAIGRR,35.13381768412015,1
26,AIGSILGALAKGLPTLISWIKNR,6.3928571438596435,1
27,AIGSILGALAKGLPTLKSWIKNR,49.9999999613144,1
28,AIGSILGALAKGLPTLRSWIKNR,25.000000018879035,1
29,AIGSILGRLAKGLPTLISWIKNR,3.1300000032687874,1
30,AIGSILGRLAKGLPTLKSWIKNR,100.0,1
31,AIHDILKYGKPS,10.0,1
32,AILTTLANWARKFL,37.50000002351066,1
33,AINPKSVQSLL,200.0000001547424,1
34,AIRCLAKRRK,7.49999999323558,1
35,AIRCLAQRRK,7.49999999323558,1
36,AKKFGKAFVKIL,142.25326505302874,1
37,AKKKGKCKGPLKLVAKC,100.0,1
38,AKKVFKRLEKLFSKIFNFK,3.1300000032687874,1
39,AKKVFKRLEKLFSKIYNYK,3.1300000032687874,1
40,AKKVFKRLPKLFSKIWNWK,0.3899999999762035,1
41,AKLWLKAAKLWLKA,16.0000000126762,1
42,AKRHHGYKRKFH,81.79971131962706,1
43,AKRLKKLAKKIWKWK,2.7499999988765333,1
44,AKRLKKLAKKIWKWL,16.0000000126762,1
45,AKRLKKLFKKIWNWK,2.0000000015474244,1
46,ALFKTMLKKLGTMAL,34.50000001639781,1
47,ALHKTMLKKLGTMAL,45.00000002327806,1
48,ALLKLAPRLLAGIF,12.499999999768116,1
49,ALLKRIKTLL,17.971521798554658,1
50,ALLLAIRKR,37.974255752994665,1
51,ALLLAIRRR,15.720964356318786,1
52,ALPLIGRVLSGIL,39.99999996979354,1
53,ALRLAIRKR,43.780708656799746,1
54,ALRLAIRRR,22.234343421203647,1
55,ALRSAVRTVARVGRAVLPHVAI,6.299999993420214,1
56,ALWHHLLHHLLHSAHHLG,14.99999999807684,1
57,ALWKDILKNVGKAAGKAVLNTVTDMVNQ,2.5750000012227594,1
58,ALWKEVLKNAGKAALNEINNLV,31.99999997642847,1
59,ALWKEVLKNAGKAALNEINNLVQ,272.0000000024613,1
60,ALWKKLLKKLLKSAKKLG,1.8749999997248223,1
61,ALWKNMLKGI,149.99999998076842,1
62,ALWKNMLKGIGK,149.99999998076842,1
63,ALWKNMLKGIGKLAG,149.99999998076842,1
64,ALWKNMLKGIGKLAGK,59.99999994699768,1
65,ALWKNMLKGIGKLAGKAALG,8.000000000148404,1
66,ALWKNMLKGIGKLAGKAALGAVKKLVGAES,1.0,1
67,ALWKTLLKKV,49.9999999613144,1
68,ALWKTMLKKLGT,54.000000022012,1
69,ALWKTMLKKLGTM,50.60000001866514,1
70,ALWKTMLKKLGTMA,28.300000030998746,1
71,ALWKTMLKKLGTMALHAGK,10.700000007755696,1
72,ALWKTMLKKLGTMALHAGKAALGAAADTI,1.4999999998076836,1
73,ALWLAIRKR,35.511442417410954,1
74,ALWLAIRRR,14.726125693525988,1
75,ALWRRLLRRLLRSARRLG,3.7500000023510642,1
76,ALYKTMLKKLGTMAL,45.00000002327806,1
77,ALYLAIRKR,27.189655437491854,1
78,ALYLAIRRR,11.269480957165424,1
79,AMWKDVLKKIGTVALHAGKAALGAVADTISQ,12.499999999768116,1
80,ANFLPKIFCKITRKC,56.10967911127521,1
81,ARAR,100.0,1
82,ARRARKWARRALKLA,15.625000006963697,1
83,ARWWWKIKS,19.833586700264057,1
84,ATHCLFLKKR,14.99999999807684,1
85,AVAGEKLWLLPHLLKMLLTPTP,163.79923797155936,1
86,AVDLAKIANKVLSSLF,149.99999998076842,1
87,AVVDILKGAAKDIAGHLASKVMNKL,100.0,1
88,AWLLAIRKR,22.194651544402923,1
89,AWLLAIRRR,9.528669559294029,1
90,CLAIGRR,65.9920251188228,1
91,CNGKRVCVC,101.91416204801031,1
92,CNGKRVCVCR,57.147700196866325,1
93,CWFWKWWRRRRR,4.700000000695675,1
94,DAACAAHCLFR,84.93604100192867,1
95,DAACAAHCLWR,164.42059898166417,1
96,DAACAAKCLWR,165.64167594564262,1
97,DIFGAIWPLALGALKNLIK,8.000000000148404,1
98,DIGKYCGYAHALN,100.0,1
99,DRDR,100.0,1
100,EPFKISIHL,27.6936710961098,1
101,EPFKLSLHL,27.6936710961098,1
102,EPILGIITSLLKSL,66.80786283255313,1
103,EQHSSGKSDV,100.0,1
104,ERER,100.0,1
105,F,3026.8340927529443,1
106,FAKGIAGMAGKLF,200.0000001547424,1
107,FAKKLAKLAKKLAKLAL,4.3117377780644395,1
108,FAKLLAKALKKLL,2.745555631653521,1
109,FAKWAFKWAKK,70.88651245065223,1
110,FAKWAFKWLKK,4.336497626265056,1
111,FALKALKKLKKALKKAL,4.183017909432881,1
112,FAPLIGRVLSGIL,20.00000001547424,1
113,FASGIAGMAGKLF,200.0000001547424,1
114,FAVTWATKWWKG,100.0,1
115,FCTMIPIPRCY,22.326756093700972,1
116,FDIMGLIKKVAGAL,30.000000019365025,1
117,FDLLGLVKKVASAL,49.9999999613144,1
118,FDLLGLVKSVVSAL,25.000000018879035,1
119,FDVMGIIKKIAGAL,30.000000019365025,1
120,FF,1600.7022595842586,1
121,FFF,1088.0523793381594,1
122,FFFDTLKNLAGKVIGALT,61.999999928869144,1
123,FFFF,412.0581401625638,1
124,FFFFF,27.855733318330675,1
125,FFFFFF,12.207869834414913,1
126,FFFFFFF,2.8619621313263823,1
127,FFFLSRIF,56.24999998537697,1
128,FFGHLFRGIINVGKHIHGLLSG,4.999999996131441,1
129,FFGKVLKLIRKIF,3.100000001182964,1
130,FFGSIIGALAKGLPSLISLIKK,12.499999999768116,1
131,FFGSLLKLLPKLL,0.7800000005559022,1
132,FFGSMIGALAKGLPSLISLIKK,12.499999999768116,1
133,FFGSTIGALANFLPSLISKIRN,27.041245374434446,1
134,FFGSVLKLIPKIL,3.1199999998675056,1
135,FFHHAFRGIVHVGKTIHRLVTG,49.9999999613144,1
136,FFHHFARGIVHVGKTIHRLVTG,49.9999999613144,1
137,FFHHIFRGAVHVGKTIHRLVTG,17.999999995718323,1
138,FFHHIFRGIVHIGKTIHRLVTG,10.0,1
139,FFHHIFRGIVHVGKKIHRLVKG,1.9642857153545783,1
140,FFHHIFRGIVHVGKKIHRLVTG,1.9642857153545783,1
141,FFHHIFRGIVHVGKTAHRLVTG,17.999999995718323,1
142,FFHHIFRGIVHVGKTIHKLVTGT,7.071067809129992,1
143,FFHHIFRGIVHVGKTIHRLVTG,4.214285714893577,1
144,FFHHIFRGIVHVGKTVHRLVTG,17.999999995718323,1
145,FFHHIFRGVVHVGKTIHRLVTG,17.999999995718323,1
146,FFHHVFRGIVHVGKTIHRLVTG,17.999999995718323,1
147,FFIFFF,12.686814795482462,1
148,FFLLSLIPSAISAIKKI,4.999999996131441,1
149,FFPFLLGALGSLLPKIF,12.499999999768116,1
150,FFPIVGKLLFGLL,5.123490461394192,1
151,FFPIVGKLLFGLSGLL,0.726266201968253,1
152,FFPIVGKLLS,13.388281216619315,1
153,FFPIVGKLLSGLF,149.99999998076842,1
154,FFPIVGKLLSGLL,5.3428343689033655,1
155,FFPIVGKLLSGLSGLL,1.505085230471885,1
156,FFPLLFGALSSHLPKLF,2.5848819670258734,1
157,FFPLLFGALSSMMPKLF,1.2844097214551484,1
158,FFPLVLGALGSILPKIF,10.915399214231027,1
159,FFPLVLGALGSILPKVFGK,9.400000008664245,1
160,FFPMLADLVSKIF,149.99999998076842,1
161,FFPVIGRILNGIL,11.999999998684073,1
162,FFRLLFHGVHHGGGYLNAA,30.283230068722858,1
163,FFRLLFHGVHHVGKIKPRA,28.322329889327534,1
164,FFSLIPSLVGGLISAFK,55.10000000934769,1
165,FFSLLPSLIGGLVSAIK,22.699679738674593,1
166,FFSMIPHIATGIASLVKNL,15.53795634741851,1
167,FFSMIPKIAGGIASLVKNL,3.9871349114592847,1
168,FFSMIPKIATGIASLVKNL,3.901476218393532,1
169,FFWHHIGHALDAAKRVHGMLSG,25.000000018879035,1
170,FGVLAKVAAHVVPAIAEHF,64.00000000237446,1
171,FHEAIAPVVHAAVKALVGFLG,46.58677562549799,1
172,FHFHLHF,32.51661754960046,1
173,FHFHLHFASASAFIKHFIHRF,24.05721042917799,1
174,FHFHLHFGGGFIKHFIHRF,52.48265414510952,1
175,FHFHLHFPSGSPFIKHFIHRF,189.67977377443162,1
176,FHFHLHFPSPSPFIKHFIHRF,186.8400621162824,1
177,FHFHLHFPYPFIKHFIHRF,194.70488375339463,1
178,FHFHLHFSATFIKHFIHRF,50.610473676257705,1
179,FIGAIARLLSKIF,4.901485620416307,1
180,FIGALLGPLLNLLK,12.499999999768116,1
181,FIGALLRPALKLLA,9.492210719429467,1
182,FIGALLRPALKLLAGK,16.0000000126762,1
183,FIGPIISALASLFG,59.99999994699768,1
184,FIHHIIGALGHLF,16.600000006256174,1
185,FIHHIVHAIGRLF,2.0065940678713017,1
186,FIITGLVRGLTKLF,7.921669021288503,1
187,FIKELLPHLSGIIDSVANAIK,54.99999993740789,1
188,FIKHFIHRF,401.77149124870215,1
189,FIKHFIHRFGGGFKKFWKWFRRF,5.205544674649257,1
190,FIKHFIHRFGGGIKQLLHFFQRF,21.74372651407792,1
191,FIKHFIHRFGGGRWRWRWF,12.355198038620513,1
192,FIKHFIHRFSATLQLLKQLLKLLKQF,19.458710955574826,1
193,FIKHFIHRFSATRWRRLLKKLHHLLH,4.716890603647942,1
194,FIKHFIHRFSATRWRWRWF,46.674738559255715,1
195,FIKHFIHRFSGGRWRRLLKKLHHLLH,9.598120986241089,1
196,FIKHFIHRFSGGRWRWRWF,12.213605270648479,1
197,FIKRIARLLRKIF,2.4908452487741304,1
198,FILGKLWKGVKSIF,5.3483094125846,1
199,FILPLIASFLSKFL,11.999999998684073,1
200,FIPLVSGLFSRLL,3.552005431819154,1
201,FIRSLFFF,100.0,1
202,FISGLIGGLMKAL,25.000000018879035,1
203,FITGLIGGLMKAL,100.0,1
204,FKKALHLFKPIKKFLKWK,1.5599999987267623,1
205,FKKFWKWFRRFGGGFIKHFIHRF,10.4110893573537,1
206,FKKLKKLFKKILKLK,16.0000000126762,1
207,FKLFKKIPKFLHLAKKF,3.125000002301909,1
208,FKRIVQRIKDFLR,16.0000000126762,1
209,FKRLKKLAKKIWNWK,3.9999999969793545,1
210,FKRLKKLFKKIWNWK,1.6666666676982826,1
211,FKRLKKLISWIKRKRQQ,1.5000000007737118,1
212,FKVTWKTKWWKG,6.199999992886914,1
213,FLALIGRVLSGIL,2.500000001887903,1
214,FLFKLIPKAIKGLVKAIRK,1.831662018744172,1
215,FLFKLIPKVIKGLVKAIRK,1.8084310038632256,1
216,FLFSLIPHAIGGLISAFK,20.00000001547424,1
217,FLFSLIPKAIGGLISAFK,3.0000000019365034,1
218,FLFSLIPSAIAGLVSAIRN,12.021394022292347,1
219,FLFSLIPSAISGLISAF,47.99999995848855,1
220,FLFSLIPSAISGLISAFK,8.371326505945339,1
221,FLFSLIPSVIAGLVSAIRN,11.96547460536948,1
222,FLGALAKIISGIF,3.9999999969793545,1
223,FLGALLGPLMNLLQ,160.00000012676202,1
224,FLGALWEVAKSVF,6.249999995048358,1
225,FLGALWKVAKSVF,1.5599999987267623,1
226,FLGALWNVAKKVF,1.5599999987267623,1
227,FLGALWNVAKSVF,7.706666666622503,1
228,FLGALWNVWKSVF,1.5599999987267623,1
229,FLGELWNVAKSVF,49.9999999613144,1
230,FLGELWNVWKSVF,12.499999999768116,1
231,FLGGILNTITGLL,30.000000019365025,1
232,FLGGLIKPWWPWRR,17.244535195257445,1
233,FLGGLIKWKWPWWPWRR,3.3769170357495084,1
234,FLGGLIKWPWWPWRR,3.9081691300944463,1
235,FLGGLIKWWPWRR,4.553794864613144,1
236,FLGLIGSLL,137.3159241203772,1
237,FLGLLFHGVHHVGKWIHGLIHGHH,2.9099540549735283,1
238,FLGLLGGLL,283.7725344453155,1
239,FLGLLGSLL,33.999999996691926,1
240,FLGSIVGALASALPSLISKIRN,25.000000018879035,1
241,FLGVVFKLASKVFPAVFGKV,1.85731329711363,1
242,FLGWLFKWAKK,8.779668252166232,1
243,FLGWLFKWASK,18.081233929761737,1
244,FLGWLFKWAWK,4.251638704806519,1
245,FLIIRRPIVLGLL,6.566155462244033,1
246,FLKALWNVAKSVF,3.1199999998675056,1
247,FLKGCWTKWYSLKPKCPF,2.7992900083443084,1
248,FLKGIKGMLGKLF,5.999999994699768,1
249,FLKGIKGMLGKLL,11.999999998684073,1
250,FLKGIVGKLGKLF,5.999999994699768,1
251,FLKGIVGMLGKLF,3.0000000019365034,1
252,FLKGIVGMLGKLL,3.0000000019365034,1
253,FLKGIVGMLGKLW,3.0000000019365034,1
254,FLKKAKKFGKAF,362.4104225117891,1
255,FLKLLKKLL,6.999999999770208,1
256,FLKPLFNAALKLLP,22.208421885955424,1
257,FLKWLFKWAKK,4.214427391788757,1
258,FLKWLFKWLKK,8.133018702598292,1
259,FLPAALAGIGGILGKLF,6.249999995048358,1
260,FLPAIAGILSQLF,200.0000001547424,1
261,FLPAIGRVLSGIL,39.99999996979354,1
262,FLPFIAGMAAKFLPKIFCAISKK,6.146258051390093,1
263,FLPFLAGLFGKIF,149.99999998076842,1
264,FLPFLASLLSKVL,80.00000000148405,1
265,FLPFLATLLSKVL,100.0,1
266,FLPFLIPALTSLISSL,49.9999999613144,1
267,FLPFVGKLLSGLL,12.499999999768116,1
268,FLPFVGNLLKGLL,8.999999990895756,1
269,FLPGLIAGIAKML,9.302540190191175,1
270,FLPGLLAGLL,35.299999970267656,1
271,FLPIAGKLLSGLSGLL,0.7817551123001183,1
272,FLPIALKALGSIFPKIL,6.7885878889544715,1
273,FLPIIAKLLGGLL,3.655611290564205,1
274,FLPIIAKVLSGLL,14.99999999807684,1
275,FLPIIGQLLSGLL,80.00000000148405,1
276,FLPIITNLLGKLL,5.999999994699768,1
277,FLPILGKLLSGFL,10.0,1
278,FLPILGKLLSGIL,14.99999999807684,1
279,FLPILGKLLSGLL,10.0,1
280,FLPILGNLLSGLL,49.9999999613144,1
281,FLPILINLIHKGLL,124.9999999976812,1
282,FLPIPRPILLGLL,5.130397960696738,1
283,FLPIVAKLLSGLL,2.999999999263389,1
284,FLPIVAKLLSGLLGRKKRRQRRR,1.5000000007737118,1
285,FLPIVGKLLSGLF,149.99999998076842,1
286,FLPIVGKLLSGLL,75.99999997333218,1
287,FLPIVGKLLSGLSGLS,1.5615835449262103,1
288,FLPIVGRLISGLL,14.99999999807684,1
289,FLPIVTNLLSGLL,58.00000005836972,1
290,FLPLAGRVLSGAL,122.36666657470602,1
291,FLPLAGRVLSGIL,39.99999996979354,1
292,FLPLAMALGKLL,39.99999996979354,1
293,FLPLFASLIGKLL,140.00000010372378,1
294,FLPLIGKILGTIL,4.999999996131441,1
295,FLPLIGKVLSGIL,4.666666664840406,1
296,FLPLIGRALSGIL,20.00000001547424,1
297,FLPLIGRVASGIL,39.99999996979354,1
298,FLPLIGRVLAGIL,2.500000001887903,1
299,FLPLIGRVLSGAL,39.99999996979354,1
300,FLPLIGRVLSGIL,1.8571067814135105,1
301,FLPLIGRVLSGILGWKRKRFG,10.0,1
302,FLPLKKLRFGLL,3.1300000032687874,1
303,FLPLLAGLAAKWF,18.79999998858567,1
304,FLPLLAGLAANFLPKIFCKITRK,12.134945416845081,1
305,FLPLLAGLAANFLPKIFCKITRKC,2.333526063779475,1
306,FLPLLASLFSGLF,12.999999990815267,1
307,FLPLLASLFSRLF,2.0000000015474244,1
308,FLPLLASLFSRLL,2.0000000015474244,1
309,FLPLLFGAISHLL,30.74745821591835,1
310,FLPLLFGALSTLLPKIF,25.000000018879035,1
311,FLPLLGRVLSGLL,3.5999999999866588,1
312,FLPLLVGAISSILPKIF,12.499999999768116,1
313,FLPLVGKILSGLI,69.99999999770209,1
314,FLPLVLGALSGILPKIL,2.658366368725998,1
315,FLPLVTGLLSGLL,64.00000000237446,1
316,FLPLVTMLLGKLF,7.499999998065722,1
317,FLPVIAGLLSKLF,8.000000000148404,1
318,FLPVIAGVLSKLF,10.0,1
319,FLPVILPVIGKLLNGIL,25.000000018879035,1
320,FLPVILPVIGKLLSGIL,25.000000018879035,1
321,FLPVLAGVLSRA,33.88304893448293,1
322,FLPVLGKVIKLVGGLL,3.100000001182964,1
323,FLPWFSKFLGRIL,3.0000000019365034,1
324,FLQHIIGALGHLF,16.700000013598153,1
325,FLQHIIGALSHFF,12.700000001287947,1
326,FLQHIIGALTHIF,32.350000010749184,1
327,FLSAITSLLGKLL,5.999999994699768,1
328,FLSGIVGMLGKLF,4.799999997594461,1
329,FLSHIAGFLSNLF,10.0,1
330,FLSIIAKVLGSLF,7.499999998065722,1
331,FLSLIPAAISAVSALANHF,32.9512973350355,1
332,FLSLIPHAIKAVGVHAKHF,61.376307074810896,1
333,FLSLIPHAINAVGVHAKHF,247.17276850415797,1
334,FLSLIPHAINAVSAIAKHF,4.799999998314397,1
335,FLSLIPHAINAVSAIAKHFG,5.999999994699768,1
336,FLSLIPHAINAVSAIAKHN,7.899999994716746,1
337,FLSLIPHAINAVSALANHG,8.19999999275497,1
338,FLSLIPHAINAVSTLVHHF,7.59999999508625,1
339,FLSLIPHIVSGVASIAKHF,5.999999995264976,1
340,FLSLIPHIVSGVASLAIHF,200.0000001547424,1
341,FLSLIPHIVSGVASLAKHF,6.249999995048358,1
342,FLSLIPKAIKAVGVKAKKF,31.089175750849932,1
343,FLSLIPKIAGGIAALAKHL,4.137824950360906,1
344,FLSLIPKIATGIAALAKHL,2.0000000015474244,1
345,FLSMIPHIAGGIASLVKNL,16.150163411781598,1
346,FLSMIPHIVSGVAALAKHL,6.249999995048358,1
347,FLSMIPKIAGGIASLVKNL,4.055896126762933,1
348,FLSSIGKILGNLL,28.333333323388185,1
349,FLSTIWNGIKGLL,14.99999999807684,1
350,FLSTIWNGIKSLF,8.000000000148404,1
351,FLSTLLKVAFKVVPTLFCPITKKC,0.4337526279102519,1
352,FLSTLWNAAKSIF,12.071067814600962,1
353,FLTGLIGGLMKALGK,149.99999998076842,1
354,FLWGLIPGAISAVTSLIKK,4.3436124070750886,1
355,FLWWLFKWAWK,3.9107596894350696,1
356,FLYIVAKLLSGLL,1.5000000007737118,1
357,FPISTLLKWWKG,84.70131600113034,1
358,FPLTCPTKWWKG,170.7949513807433,1
359,FPLTWPTKWWKG,161.62290072701143,1
360,FPVTFRFFKFFKG,50.36002024214902,1
361,FPVTWGWWKWWKG,70.86023593192223,1
362,FPVTWKWWKWWKG,20.00000001547424,1
363,FPVTWPTKWLKG,171.2643611935009,1
364,FPVTWPTKWRKG,166.36059654010157,1
365,FPVTWPTKWWEG,163.00177813073628,1
366,FPVTWPTKWWKG,163.10192206943532,1
367,FPVTWPTKWWKS,159.96827254507875,1
368,FPVTWRTKWWKG,3.100000001182964,1
369,FPVTWRWWKWWKG,12.29375672864778,1
370,FPVTWRWWTWWKG,17.428226601911447,1
371,FQNRRMKWKK,255.99999981617657,1
372,FRCRRRFCRF,31.99999997642847,1
373,FRFKFRFK,212.68875594846986,1
374,FRFKRFRKKGKKLFKKVSPPILLLHL,3.1999999976428453,1
375,FRFR,100.0,1
376,FRFRCRRRFCRFRF,2.0000000015474244,1
377,FRIRVRV,128.00000010378406,1
378,FRIRVRVFKRIVQRIKDFLR,3.9999999969793545,1
379,FRIRVRVKWKLFKKI,3.9999999969793545,1
380,FRRFFKWFRRFFKFF,31.49999997820467,1
381,FRRFFKWFRRPFKFF,2.783333332510923,1
382,FRRFFKWPRRFFKFF,9.066666659935214,1
383,FRRFFKWPRRPFKFF,6.406666662991269,1
384,FRRFRKWFRRFLKLF,15.625000006963697,1
385,FRRPFKWPRRFFKFF,6.283333330802718,1
386,FRVTWRTKWWKG,3.0000000019365034,1
387,FSEAIKKIIDFLG,172.88585258727989,1
388,FSFLSRIF,100.0,1
389,FSGGNCRGFRRRCFCTK,20.046927834801988,1
390,FSIARLLKWWKG,13.955171337576024,1
391,FSVTWRWWKWWKG,7.015149052208301,1
392,FVDLKKIANIINSIF,14.399999996841785,1
393,FVPWFSKFLGRIL,2.250000000872093,1
394,FVPWFSKFLPRIL,24.00000001593724,1
395,FVQWFSKFLGKIL,8.999999996691919,1
396,FVQWFSKFLGRIL,3.0000000019365034,1
397,FVQWFSKFLLRIL,47.99999995848855,1
398,FVQWFSRFLGRIL,5.999999994699768,1
399,FVRWFSKFLGRIL,5.999999994699768,1
400,FVRWFSRFLGRIL,5.999999994699768,1
401,FWGALAKGALKLIPSLVSSFTKKD,5.5999999999200485,1
402,FWGKLWEGVKNAI,31.99999997642847,1
403,GAGALAKFLAKKVAKTVAKQAAKQGAKYVVNKQME,20.00000001547424,1
404,GAHDILKYGKPS,30.000000019365025,1
405,GALKRIKTLL,38.65484382905288,1
406,GAVDILKGAAKDIAGHLASKVMNKL,100.0,1
407,GCKKYRRFRWKFKGKFWFW,20.086541616022963,1
408,GCKKYRRFRWKFKGKFWFWGG,154.0713295439135,1
409,GCLEFWWKCNPNDDKCCRPKLKCSKLFKLCNFSF,2.0000000015474244,1
410,GCRRFKKFKKWRYRGRFWFWCFG,16.948732763958745,1
411,GCRRWKKFRWRYRGKFWFWCG,18.324869186744056,1
412,GEFKKIVQKIKDFLKNLV,119.9999999868408,1
413,GEFKRIVQRIKDFLRNLV,59.99999994699768,1
414,GEFRRIVQRIRDFLRNLV,30.000000019365025,1
415,GEILCNLCTGLINTLENLLTTKRKRQQ,3.300000000927876,1
416,GFARIVQRIKDFLRNLV,7.49999999323558,1
417,GFFGKMKEYFKKFGASFKRRFANLKKRL,0.6999999999770207,1
418,GFFGKRKEYFKKFGASFKRRFANLKKRL,5.999999994699768,1
419,GFGKAFHSVSNFAKKHKTA,100.0,1
420,GFGKALKLLKKVL,10.0,1
421,GFGMALKLLKKVL,3.699999999429232,1
422,GFGSLLGKALRLGANVL,9.200741505162032,1
423,GFGSVLGKALKFGANLL,12.499999999768116,1
424,GFGTILKALAKIAGKVVKKLATKPGATYMLKENLK,0.3130000003268787,1
425,GFGVLAKVAAHVVPAIAEHF,64.00000000237446,1
426,GFKAIVQRIKDFLRNLV,7.49999999323558,1
427,GFKDLLKGAAKALKKTVLF,100.0,1
428,GFKDLLKGAAKALVKAVLF,3.0000000019365034,1
429,GFKDLLKGAKKALVKTVLF,49.9999999613144,1
430,GFKEVLKADLGSLVKGIAAHVAN,213.99999982793514,1
431,GFKEVLKAGLGSLVKGIPAHVAN,434.00000048715873,1
432,GFKKLLKGAAKALVKTVLF,3.0000000019365034,1
433,GFKRIVQAIKDFLRNLV,14.99999999807684,1
434,GFKRIVQRIADFLRNLV,7.49999999323558,1
435,GFKRIVQRIKDFLANLV,7.49999999323558,1
436,GFKRIVQRIKDFLRNLV,5.299999997209271,1
437,GFLDIVKGVGKVALGAVSKLF,3.7761500134975945,1
438,GFLDVIKHVGKAALGVVTHLINQ,6.584749363752001,1
439,GFLDVVKHIGKAALGAVTHLINQ,13.323318652625707,1
440,GFLGSLLKTGLKVGSNLL,20.83333333414814,1
441,GFLSILKKVL,10.900000001490236,1
442,GFLSILKKVLAKVMAHMK,4.700000000695675,1
443,GFLSILKKVLGKVMAHMK,4.3000000041625634,1
444,GFLSILKKVLKKVMAHMK,13.799999987250436,1
445,GFLSILKKVLPKVMAHMK,6.800000004599628,1
446,GFMKYIGPLIPHAVKAIKKLI,3.1300000032687874,1
447,GFMKYIGPLIPHKVKAISDLI,200.0000001547424,1
448,GFRDVLKGAAKAFVKTVAGHIAN,65.99999998821423,1
449,GFVALLKKLPLILKHLH,1.60000000126762,1
450,GFVALLKKLPLILKHLP,3.1100000005252344,1
451,GFVDFLKKVAGTIANVVT,53.214051550582504,1
452,GFWGKLFKLGLHGIGLLHLHL,1.6971786858190028,1
453,GFWGKLWEGVKNAI,8.81186217981668,1
454,GFWGKLWEGVKSAI,8.367528616419044,1
455,GFWGSLWEGVKSVV,96.20980934719609,1
456,GGARSLGRKALRAWKKYGPAIVPIIRI,3.899999999762036,1
457,GGARSLGRKALRAWKKYGPIIVPIIRI,3.800000003352844,1
458,GGLRSLGRKALRAWKKYGPIIVPIIRI,3.1999999976428453,1
459,GGLRSLGRKILRAWKKYG,2.999999999263389,1
460,GGLRSLGRKILRAWKKYGPAIVPIIRI,3.800000003352844,1
461,GGLRSLGRKILRAWKKYGPIIVPIIRI,2.3333333350104506,1
462,GGLRSLGRKILRAWKKYGPQATPATRQ,19.99999998828844,1
463,GIADILKYGKPS,20.00000001547424,1
464,GIGALSAKGALKGLAKGLAEHFAN,14.000000010372373,1
465,GIGAVLKVLALISWIKRKR,5.5999999999200485,1
466,GIGAVLKVLTTGLPALISWIKRKRQQ,0.20000000015474234,1
467,GIGAVVKVLTTGVPAVISWIKRKRQQ,3.0000000019365034,1
468,GIGDILKNLAKAAGKAALHAVGESL,19.000000002063693,1
469,GIGGALLNVGKVALKGLAKGLAEHFAN,3.054520048558857,1
470,GIGGALLSAGKAALKGLAKVLV,4.682526921858861,1
471,GIGGALLSAGKSALKGLAKGLAEHF,15.844466988274947,1
472,GIGGALLSAGKSALKGLAKGLAEHFAN,6.299999993420214,1
473,GIGGALLSAGKSALKGLAKGLAEHL,8.059190118153825,1
474,GIGGALLSVGKLALKGLANVLADKFAN,1.8000165533926975,1
475,GIGGALLSVGKSALKGLTKGLAEHF,30.929928068710748,1
476,GIGGKILGGLKTALKGAAKELASTYLH,3.523055225508185,1
477,GIGGKILGGLRTALKGAAKELAATYLH,1.753631427372196,1
478,GIGGVLLGAGKATLKGLAKVLAEKYAN,7.194511382035523,1
479,GIGGVLLSAGKAALKGLAKVLAEKYAN,1.2666271471426347,1
480,GIGGVLLSAGKAALKGLTKVLAEKYAN,7.112781587456404,1
481,GIGHFLHKVKSFGKSWIGEIMNS,75.9999999508625,1
482,GIGKFIHAAKKFGKLFIGEIMNS,9.599999999125346,1
483,GIGKFIHSAKKFGKLFVGEIMNS,38.000000033528416,1
484,GIGKFIHSAKRFGRAWVGEIMNS,74.99999993235582,1
485,GIGKFLHAAKKFAKAFVAEIMNS,7.311560416558526,1
486,GIGKFLHAALLFAKAFVAEIMNS,1.2250290089248594,1
487,GIGKFLHKVGSFIKSWKGEIMNS,72.99999997975273,1
488,GIGKFLHKVKSFGKSWIGEIMNS,75.9999999508625,1
489,GIGKFLHSAKKFAKAFVAEIMNS,7.014167491612867,1
490,GIGKFLHSAKKFGKAFVGEIMNS,225.0000001717664,1
491,GIGKFLHSAKKFGKAWVGEIMNS,80.00000000148405,1
492,GIGKFLHSAKKPGKAFVGEIMNS,105.9234986338265,1
493,GIGKFLHSAKKWGKAFVGEIMNS,37.37795678146646,1
494,GIGKFLHTLKTFGKKWVGEIMNS,12.999999990815267,1
495,GIGKFLKKAKKF,375.16850528168914,1
496,GIGKFLKKAKKFGKAFVKMKK,1.0,1
497,GIGRKFLGGVKTTFRCGVKDFASKHLY,100.0,1
498,GIGRKFLGGVKTTFRGGVKDFASKHLY,74.99999993235582,1
499,GIGSAILSAGKSIIKGLAKGLAEHF,26.24174179823565,1
500,GIGSALAKAAKLVAGIV,12.499999999768116,1
501,GIGSILGVIAKGLPTLISWIKNR,4.999999996131441,1
502,GIGSLLAKAAKLGANLL,12.499999999768116,1
503,GIGTKFLGGVKTALKGALKELAFTYVN,6.720781357026056,1
504,GIGTKFLGGVKTALKGALKELASTYVN,1.717084844398462,1
505,GIGTKILGGVKAALKGALKELASTYVN,3.5164439223736936,1
506,GIGTKILGGVKTALKGALKELASTYAN,7.28937082118912,1
507,GIGTKILGGVKTALKGALKELASTYVN,7.479844904180388,1
508,GIHAILKYGKPS,4.999999996131441,1
509,GIHDALKYGKPS,20.00000001547424,1
510,GIHDIAKYGKPS,4.999999996131441,1
511,GIHDILAYGKPS,10.0,1
512,GIHDILKAGKPS,10.0,1
513,GIHDILKYAKPS,10.0,1
514,GIHDILKYGAPS,20.00000001547424,1
515,GIHDILKYGKAS,10.0,1
516,GIHDILKYGKKS,30.000000019365025,1
517,GIHDILKYGKPA,49.9999999613144,1
518,GIHDILKYGKPS,10.0,1
519,GIHDILKYGKRS,10.0,1
520,GIHKILKYGKPS,10.0,1
521,GIHRILKYGKPS,10.0,1
522,GIIPIISIIGKII,33.999999996691926,1
523,GIKDILKYGKPS,14.99999999807684,1
524,GIKKILKYGKKS,4.999999996131441,1
525,GILDAIKAFANALG,4.004088538101154,1
526,GILDAIKAIAKAAG,6.099999999848769,1
527,GILDPIKAFAKAAG,4.009847314236692,1
528,GILGKLWEGVKSIF,8.754349105851093,1
529,GILGKLWKGVKSIF,4.8515161135441485,1
530,GILKSLLKKLKKIIAK,13.49999999259643,1
531,GILSKLLKKLKKIIAK,16.49999999953415,1
532,GILSSLLKKLKKIIAK,10.50000000440382,1
533,GILSSLLKKLKKWIAK,5.99999999856388,1
534,GILSSLLKKWKKIIAK,20.00000001547424,1
535,GILSSLWKKLKKIIAK,5.150000000501646,1
536,GILSSLWKKLKKWIAK,2.250000001717664,1
537,GILSSLWKKPKKIIAK,100.0,1
538,GILSSWLKKLKKIIAK,16.0000000126762,1
539,GIMISLMKKLAAHIAK,54.00000004753935,1
540,GIMSSLMKKLAAHIAK,61.594693617420205,1
541,GIMSSLMKKLAAHIKK,87.49999998243803,1
542,GIMSSLMKKLAAIIAK,8.599999996425082,1
543,GIMSSLMKKLAKHIAK,62.999999934202144,1
544,GIMSSLMKKLAKIIAK,9.499999995447876,1
545,GIMSSLMKKLAKIIKK,24.999999997235808,1
546,GIMSSLMKKLKAHIAK,100.0,1
547,GIMSSLMKKLKKHIAK,100.0,1
548,GIMSSLMKKLKKIIAK,27.499999987748378,1
549,GIMSSLMKKLKKIIKK,59.50000003773253,1
550,GIRDILKYGKPS,10.0,1
551,GIRRILRYGRPS,4.999999996131441,1
552,GIRRILRYGRRS,10.0,1
553,GIWDTIKSMGKVFAGAILQNL,12.499999999768116,1
554,GIWDTIKSMGKVFAGKILQNL,25.000000018879035,1
555,GIWDTIKSMGKVFAGLILQNL,25.000000018879035,1
556,GIWDTLKNVGKAVLGKVLENV,49.9999999613144,1
557,GIWKSLFTKLLKG,6.707672451190746,1
558,GIWKTIKSMGKVFAGAIKQNL,100.0,1
559,GIWKTIKSMGKVFAGAILQNL,6.249999995048358,1
560,GIWKTIKSMGKVFAGKIKQNL,100.0,1
561,GIWKTIKSMGKVFAGKILQNL,9.679284719601975,1
562,GIWSSLLKKLKKIIAK,12.650000010173045,1
563,GKAMSLLKHILK,100.0,1
564,GKFLKKAKKFGK,371.0858060511952,1
565,GKFMSLLKHILK,43.29999996476878,1
566,GKGALKKFLAKKVAKTVAKQAAKQGAKYVVNKQME,39.99999996979354,1
567,GKGRWLERIGKAGGIIIGGALDHL,25.72450661899728,1
568,GKIIKLKASLKLL,28.774825459893236,1
569,GKIIKVVK,100.0,1
570,GKKYRRFRWKFKGKWFWFG,6.132415956463084,1
571,GKKYRRFRWKFRKGRFWFWG,5.728022734284582,1
572,GKKYRRFWKFKGKWFWFWG,133.3782929694512,1
573,GKLSSLWKKLKKIIAK,26.499999995931425,1
574,GKLTKDKLKRGAKKALNVASKVAPIVAAGASIAR,29.099999997565504,1
575,GKLWLKGGKLWLKGGKLWLKG,31.99999997642847,1
576,GKMKEYFKKFGASFKRRFANLKKRL,3.0000000019365034,1
577,GKSDVRRWRSRY,100.0,1
578,GKWKKILGHLIR,28.300000030998746,1
579,GKWKSLLKHILK,20.00000001547424,1
580,GKWLSLLKHILK,5.499999993740787,1
581,GKWMHLLKHILK,12.499999999768116,1
582,GKWMKLLKHILK,4.500000002327806,1
583,GKWMSALKHILK,129.9999999081526,1
584,GKWMSFLKHILK,6.4000000002374495,1
585,GKWMSLLKHILK,4.450000001139069,1
586,GKWMSLLKHIWK,12.200000009136822,1
587,GKWMSLLKHWLK,13.799999987250436,1
588,GKWMSLLKKILK,6.299999993420214,1
589,GKWMSLLKQILK,10.799999987890578,1
590,GKWMSLWKHILK,26.9999999901158,1
591,GKWMSWLKHILK,10.100000005054893,1
592,GKWMTLLKHILK,5.300000004871852,1
593,GKWQSLLKHILK,25.000000018879035,1
594,GKWSKILGHLIR,23.29999999860407,1
595,GKWWSLLKHILK,4.700000000695675,1
596,GLAANFLPKIFCKITRKC,30.886916584893264,1
597,GLADFLNKAVGKVVDFVKS,100.0,1
598,GLADVIKKVASVIGGL,64.94106566480842,1
599,GLAKRIKTLL,34.16009454367698,1
600,GLARIVVIRVAR,47.63181779410112,1
601,GLFAVIKKVAAVIKKL,14.721585072865565,1
602,GLFAVIKKVAAVIRRL,14.25140099177737,1
603,GLFAVIKKVAKVIKKL,14.242732970296535,1
604,GLFAVIKKVASVIKGL,7.303423338717713,1
605,GLFAVIKKVASVIKKL,14.584180812548563,1
606,GLFDIAKKVIGVIGSL,30.675219213698387,1
607,GLFDIIKKIAESF,61.03815513965017,1
608,GLFDIIKKVASVIGGL,15.337609630298454,1
609,GLFDIIKKVASVVGGL,15.470741230054733,1
610,GLFDIIKNIFSGL,69.60428778844879,1
611,GLFDIVKKIAGHIAGSI,28.751058611140127,1
612,GLFDIVKKIAGHIASSI,28.263080012570487,1
613,GLFDIVKKIAGHIVSSI,55.64379731379621,1
614,GLFDIVKKVVGAFGSL,30.303584943491828,1
615,GLFDIVKKVVGALGSL,15.470741230054733,1
616,GLFDIVKKVVGTIAGL,15.337609630298454,1
617,GLFDIVKKVVGTLAGL,15.337609630298454,1
618,GLFDIWAWWRWRR,25.37717295892402,1
619,GLFDIWKKLRWRR,52.84303709813842,1
620,GLFDIWKKWRWRR,33.835462401004875,1
621,GLFDIWKWWRWRR,6.151546393626636,1
622,GLFDKWAWWRWRR,50.318487836235754,1
623,GLFDVIAKVASVIGGL,64.14947552366971,1
624,GLFDVIAKVASVIKKL,3.527127012709702,1
625,GLFDVIKKLLKKIGGL,3.100000001182964,1
626,GLFDVIKKLLKKIKGL,3.100000001182964,1
627,GLFDVIKKVAAVIGGL,15.62544728297647,1
628,GLFDVIKKVASKIGGL,60.79046200260571,1
629,GLFDVIKKVASVIGGA,63.53749184948845,1
630,GLFDVIKKVASVIGGL,11.603055928454252,1
631,GLFDVIKKVASVIKKL,56.87649313301771,1
632,GLFDVIKKVLKKIGGL,12.499999999768116,1
633,GLFEVIKKVASVIGGL,61.35043847486433,1
634,GLFGILGSVAKHVLPHVIPVVAEHL,14.405838120890396,1
635,GLFGVLAKVAAHVVPAIAE,64.00000000237446,1
636,GLFGVLAKVAAHVVPAIAEH,64.00000000237446,1
637,GLFGVLAKVAAHVVPAIAEHF,2.7952065350606703,1
638,GLFGVLAKVAAHVVPAIAKHF,3.9999999969793545,1
639,GLFGVLAKVAAKVVPAIAEHF,8.000000000148404,1
640,GLFGVLAKVAAKVVPAIAKHF,3.9999999969793545,1
641,GLFGVLAKVASHVVPAIAEHFQA,21.17084599803923,1
642,GLFGVLGSIAKHVLPHVVPVIAEKL,21.587079801795216,1
643,GLFKGKKKNKKTK,250.00000018879035,1
644,GLFKVIKKVAKVIKKL,27.58810193562407,1
645,GLFKVLGSVAKHLLPHVAPIIAEKL,4.526186021152134,1
646,GLFKVLGSVAKHLLPHVAPVIAEKL,11.754837169251273,1
647,GLFKVLGSVAKHLLPHVVPVIAEKL,3.3767745367981936,1
648,GLFSVLGAVAKHVLPHVVPVIAEKL,3.469352109768357,1
649,GLFSVLGSVAKHLLPHVAPIIAEKL,11.8767402830013,1
650,GLFSVLGSVAKHLLPHVVPVIAEKL,4.572873946431238,1
651,GLFSVLGSVAKHVVPRVVPVIAEHL,100.0,1
652,GLGKFLHSAKRFGKAFVGEAMNS,74.99999993235582,1
653,GLGSLVGNALRIGAKLL,12.499999999768116,1
654,GLGSVFGRLARILGRVIPKV,2.8333333329078467,1
655,GLGSVLGKALKIGANLL,6.124999994874062,1
656,GLKDIFKAGLGSLVKGIAAHVAN,200.0000001547424,1
657,GLKDMIKNLAKEAAVKLAGAVINKFSPQPQ,39.99999996979354,1
658,GLKEIFKAGLGSLVKGIAAHVAN,200.0000001547424,1
659,GLKEIFKAGLGSLVKGIAAHVAS,100.0,1
660,GLKKIFKAGLGSLKKGIAAHVAS,250.00000018879035,1
661,GLKKIFKKGLGSLVKGIAAHVAS,250.00000018879035,1
662,GLKKLISWIKRAAQQG,2.782179338123015,1
663,GLLALISWIKRKRQQ,0.662912336320753,1
664,GLLARIKTLL,25.514983510616894,1
665,GLLDFVTGVGKDIFAQLIKQI,64.00000000237446,1
666,GLLDTLKGAAKNVVGSLASKVMEKL,200.0000001547424,1
667,GLLGKLLKIAAKVGKKLL,3.0000000019365034,1
668,GLLGKLLKIAAKVGSNLL,3.0000000019365034,1
669,GLLGLLGSVVSHVLPAITQHL,23.53467465680943,1
670,GLLGLLGSVVSHVVPAIVGHF,6.199999992886914,1
671,GLLGPLLKIAAKVGKNLL,3.0000000019365034,1
672,GLLGPLLKIAAKVGSKLL,3.0000000019365034,1
673,GLLGPLLKIAKKVGSNLL,25.000000018879035,1
674,GLLGVLGSVAKHVLPHVVPVIAEHL,39.13789393903981,1
675,GLLKAIKTLL,9.351204099137165,1
676,GLLKFIKTLL,1.7459976707542846,1
677,GLLKFIKWLL,7.400000004583932,1
678,GLLKKIKKLL,255.99999981617657,1
679,GLLKKIKTLL,265.7649713622536,1
680,GLLKKIKWLL,28.399999996924052,1
681,GLLKKLLKIAAKVGKKLL,5.999999994699768,1
682,GLLKKWLKKWKEFKRIVGY,29.74002755409637,1
683,GLLKLIKTLL,1.7994338461109516,1
684,GLLKNIKTLL,62.02772960258872,1
685,GLLKPLLKIAAKVGSNLL,5.999999994699768,1
686,GLLKR,52.9245237939966,1
687,GLLKRAKTLL,36.85694410417976,1
688,GLLKRI,54.37135696794592,1
689,GLLKRIK,33.85446234500251,1
690,GLLKRIKALL,7.114508375865706,1
691,GLLKRIKFLL,6.66356422640192,1
692,GLLKRIKILL,12.001277282976474,1
693,GLLKRIKKLL,130.11585176689871,1
694,GLLKRIKKLLKKIKKLL,12.499999999768116,1
695,GLLKRIKLLL,6.000638636845473,1
696,GLLKRIKNLL,10.278482646852666,1
697,GLLKRIKT,24.779847196705308,1
698,GLLKRIKTAL,27.86744553483515,1
699,GLLKRIKTL,41.293298441788814,1
700,GLLKRIKVLL,19.08867373383755,1
701,GLLKRIKWLL,3.2268609095508607,1
702,GLLKVIKTLL,2.733649336851315,1
703,GLLKVIKVLL,12.780005360948739,1
704,GLLKWIKKLL,2.500000001887903,1
705,GLLKWIKTLL,5.594228806081955,1
706,GLLPLLSLLGKLL,1.5599999987267623,1
707,GLLRKWGKKWKEFLRRVWK,12.723365640755766,1
708,GLLSKFGRLARKLARVIPKV,3.666666665298404,1
709,GLLSLLSLLGKLL,3.1199999998675056,1
710,GLLSSLSSVAKHVLPHVVPVIAEHL,38.41622505839151,1
711,GLLSVLGSVAKHVLAHVVAVIAEHL,39.47856861935442,1
712,GLLSVLGSVAKHVLGHVVPVIAEHL,9.823064597000362,1
713,GLLSVLGSVAKHVLPHVVPVIAEKL,38.81795444252123,1
714,GLLSVLGSVVKHVIPHVVPVIAEHL,9.56700647730208,1
715,GLNTLKKVIQGLHEVIKLVNNHA,5.999999994699768,1
716,GLPALISLIKRKRQQ,7.843823541426785,1
717,GLPALISSIKRKRQQ,22.53661922565442,1
718,GLPALISWIKRKR,0.8453122194790869,1
719,GLPALISWIKRKRGG,1.5738537855778458,1
720,GLPALISWIKRKRQ,1.560603174499024,1
721,GLPALISWIKRKRQQ,3.1212522325572785,1
722,GLPALISWIKRKRQQG,13.50473177983479,1
723,GLPALISWSKRKRQQ,53.278391401486,1
724,GLPALSSWIKRKRQQ,8.257585079371685,1
725,GLPASISWIKRKRQQ,141.3970048203566,1
726,GLPLLISWIKRKRQQ,0.7079717736317169,1
727,GLRILLLKV,3.0000000019365034,1
728,GLSALISWIKRKRQQ,1.737557322522385,1
729,GLVGTLLGHIGKAILG,11.313708503571412,1
730,GLVGTLLGHIGKAILS,15.2189514278254,1
731,GLVTGLLKTAGKLLGDLFGSLSG,12.499999999768116,1
732,GLVTSLIKGAGKLLGGLFGSVTG,6.249999995048358,1
733,GLWEKVKEKANELVSGIVEGVK,41.44598581288051,1
734,GLWSKIKAAGKEAAKAAAKAAGKAALNAVSEAV,4.700000000695675,1
735,GLWSKIKEVGKEAAKAAAKAAGK,100.0,1
736,GLWSTIKNVGKEAAIAAGKAALGAL,9.724999998238339,1
737,GLWSTIKNVGKEAAIAAGKAVLGSL,0.49999999961314395,1
738,GLWSTIKQKGKEAAIAAAKAAGQAALGAL,5.774999998894138,1
739,GMASKAGAIAGKIAKVALKAL,28.748286813176907,1
740,GMASKAGSVAGKIAKFALGAL,80.00000000148405,1
741,GMASKAGSVLGKITKIALGAL,100.0,1
742,GMASKAGSVLGKLAKVAIGAL,100.0,1
743,GMASKAGSVLGKVAKVALKAAL,25.000000018879035,1
744,GMASTAGSVLGKLAKAVAIGAL,200.0000001547424,1
745,GMATAAGTTLGKLAKFVIGAV,80.00000000148405,1
746,GMATKAGTALGKVAKAVIGAAL,100.0,1
747,GMWKKILGHLIR,8.399999998803104,1
748,GMWKKILGKLIR,14.99999999807684,1
749,GMWPKILGHLIR,74.99999993235582,1
750,GMWSKIKETAMAAAKEAAKAAGKTISDMIKQ,39.1999999981535,1
751,GMWSKIKNAGKAAAKAAAKAAGKAALDAVSEAI,4.999999996131441,1
752,GMWSKILGHL,100.0,1
753,GMWSKILGHLI,15.499999993922286,1
754,GMWSKILGHLIK,15.800000001658141,1
755,GMWSKILGHLIR,4.249999998478377,1
756,GMWSKILGKLIR,9.199999992679832,1
757,GMWSKILGPLIR,100.0,1
758,GMWSKILPHLIR,100.0,1
759,GMWSKIPGHLIR,100.0,1
760,GRAKRFRKKAKKLFKKLSPVIPLLHL,2.6999999990115793,1
761,GRFKRFRKKAKKLFKKLSPVIPLLHL,2.7999999977936314,1
762,GRFKRFRKKFKKAFKKASPVIPLLHL,2.6999999990115793,1
763,GRFKRFRKKFKKLFKKASPVIPLLHL,2.7999999977936314,1
764,GRFKRFRKKFKKLFKKLSPVIPLLHLG,3.333333331835378,1
765,GRFRRLRKKTRK,128.00000010378406,1
766,GRFRRLRKKTRKRLKKIGKV,67.00000004924192,1
767,GRFRRLRKKTRKRLKKIGKVLKAI,128.00000010378406,1
768,GRFRRLRKKTRKRLKKIGKVLKKI,47.999999989401466,1
769,GRFRRLRKKTRKRLKKIGKVLKLI,3.9999999969793545,1
770,GRFRRLRKKTRKRLKKIGKVLKWI,2.999999999263389,1
771,GRFRRLRKKTRKRLKKIGKVLKWIPPIVGSIPLG,2.499999998489677,1
772,GRFRRLRKKTRKRLKKIGKVLKWIPPIVGSIPLGCG,2.0000000015474244,1
773,GRIKRIRKKIKKLIKKLS,3.9999999969793545,1
774,GRILSFIKGLAEHL,64.35643373785868,1
775,GRKSDCFRKSGFCAFLKCPSLTLISGKCSRFYLCCKRIW,0.02000000001547424,1
776,GRLKKLGKKIEGAGKRVFKAAEKALPVVAGVKAL,49.9999999613144,1
777,GRPMGHQAIETGLNIFRGLFKGKKKNKKTK,148.999999858555,1
778,GRRGPRRANQNGTRRRRRRT,100.0,1
779,GRRPRPRPRP,160.00000012676202,1
780,GRRPRPRPRPFFF,39.99999996979354,1
781,GRRPRPRPRPFFFF,10.0,1
782,GRRPRPRPRPWWW,39.99999996979354,1
783,GRRPRPRPRPWWWW,39.99999996979354,1
784,GRRRRSVQWCA,114.21690558179152,1
785,GRRYKKFRWKFKGRWFWFG,3.0336362414192384,1
786,GRWKRWRKKWKKLWKKLS,3.9999999969793545,1
787,GSPALISWIKRKRQQ,50.902921645395935,1
788,GVADILKGAAKDIAGHLASKVMNKL,100.0,1
789,GVAKFGKAAAHFGKGWIKEMLNS,75.9999999508625,1
790,GVFDIIKDAGKQLVAHAMGKIAEKV,303.13128952034236,1
791,GVFDIIKDAGKQLVAHATGKIAEKV,306.6275549823701,1
792,GVFDIIKDAGRQLVAHAMGKIAEKV,299.94744575984384,1
793,GVFDIIKGAGKQLIAHAMGKIAEKV,308.27197725930625,1
794,GVFRRLRKVTRKVLKKIGKVLKWI,3.9999999969793545,1
795,GVFRVLRKVTRVVLKVIGKVLKWI,2.0000000015474244,1
796,GVGDLIRKAVSVIKNIV,28.07178609971189,1
797,GVIDAAKKVVNVLKNLF,13.674633958457274,1
798,GVIDAAKKVVNVLKNLP,14.059604498409293,1
799,GVIDIIKGAGKDLIAHAIGKLAEKV,316.2037091420677,1
800,GVIKSVLKGVAKTVALGML,12.499999999768116,1
801,GVLDILKGAAKDLAGHVATKVINKI,49.9999999613144,1
802,GVLSAFKNALPGIMKIIV,4.287513512082162,1
803,GVLSNVIGYLKKLGTGALNAVLKQ,50.87669495768341,1
804,GVLSVIKNALPGIMRF,4.3000000041625634,1
805,GVLSVIKNALPGIMRFIA,4.211974788724391,1
806,GVVAILKGAAKDIAGHLASKVMNKL,100.0,1
807,GVVDALKGAAKDIAGHLASKVMNKL,100.0,1
808,GVVDIAKGAAKDIAGHLASKVMNKL,100.0,1
809,GVVDILAGAAKDIAGHLASKVMNKL,100.0,1
810,GVVDILKAAAKDIAGHLASKVMNKL,100.0,1
811,GVVDILKGAAADIAGHLASKVMNKL,100.0,1
812,GVVDILKGAAKAIAGHLASKVMNKL,58.333333326731136,1
813,GVVDILKGAAKDAAGHLASKVMNKL,100.0,1
814,GVVDILKGAAKDIAAHLASKVMNKL,100.0,1
815,GVVDILKGAAKDIAGALASKVMNKL,100.0,1
816,GVVDILKGAAKDIAGHASKVMNKL,100.0,1
817,GVVDILKGAAKDIAGHLAAKVMNKL,100.0,1
818,GVVDILKGAAKDIAGHLASAVMNKL,100.0,1
819,GVVDILKGAAKDIAGHLASKAMNKL,100.0,1
820,GVVDILKGAAKDIAGHLASKVANKL,100.0,1
821,GVVDILKGAAKDIAGHLASKVMAKL,100.0,1
822,GVVDILKGAAKDIAGHLASKVMNAL,100.0,1
823,GVVDILKGAAKDIAGHLASKVMNKA,100.0,1
824,GVVDILKGAAKDIAGHLASKVMNKL,102.477500008413,1
825,GVVDILKGAAKDIAGHLLSKVMNKL,75.000000006293,1
826,GVVDILKGAAKDILGHLASKVMNKL,58.333333326731136,1
827,GVVDILKGAAKDLAGHLATKVMNKL,200.0000001547424,1
828,GVVDILKGALKDIAGHLASKVMNKL,58.333333326731136,1
829,GVVDILKGLAKDIAGHLASKVMNKL,41.66666664716928,1
830,GVVPVVSVVGKVV,100.0,1
831,GVVTDLLKTAGKLLGNLFGSLSG,6.249999995048358,1
832,GVVTDLLKTAGKLLGNLVGSLSG,50.499999986202,1
833,GVVTDLLNTAGGLLGNLVGSLSG,300.00000019365035,1
834,GVVVRIGRVIVRGVRR,8.000000000148404,1
835,GVVVRIGRVVVRGVRR,8.000000000148404,1
836,GVVVRVARVVVRWVRR,3.9999999969793545,1
837,GVVVRVGRVVVRGVRR,16.0000000126762,1
838,GVVVRVGRVVVRWV,8.000000000148404,1
839,GVVVRVGRVVVRWVRR,2.0000000015474244,1
840,GVVVRVGRVVVRWVRRRR,2.0000000015474244,1
841,GVVVRVPRVVVRWVRR,3.9999999969793545,1
842,GVVVRWGRVIVRGVRR,3.9999999969793545,1
843,GVVVRWGRVVVRGVRR,8.000000000148404,1
844,GVVVRWGRVWVRGVRR,3.9999999969793545,1
845,GVWDWLKKTAKNVWNSDIVKQLKGKAINAAKNYVAEKIGATPS,41.999999961519606,1
846,GWASKIGQTLGKIAKVGLKELIQPK,93.8370419623303,1
847,GWFDVVKHIAKRF,49.9999999613144,1
848,GWFKKAWRKVKNAGRRVLKGVGIHYGVGLI,2.356364417449744,1
849,GWGSFFKKAAHVGKHVGKAALTHYL,17.699999985254298,1
850,GWGSIFKHGRHAAKHIGHAAVNHYL,11.572820445121506,1
851,GWKKWFNRAKKVGKTVGGLAVDHYL,5.595713157878135,1
852,GWKKWLRKGAKHLGQAAIK,5.462719111906829,1
853,GWKSVFRKAKKVGKTVGGLALDHYL,23.194674218430414,1
854,GWLDVAKKIGKAAFNVAKNFI,1.0,1
855,GWLKKIGKKIERVGQHTRDATIQGLGIAQQAANVAATAR,200.0000001547424,1
856,GWMSKIASGIGTFLSGMQQ,100.0,1
857,GWRTLLKKAEVKTVGKLALKHYL,1.5076048676509612,1
858,HCLAIGRR,39.45462677994215,1
859,HFKGTLVNLAKKIL,128.00000010378406,1
860,HFLGKLVNLAKKIL,8.000000000148404,1
861,HFLGTKVNLAKKIL,128.00000010378406,1
862,HFLGTLKNLAKKIL,8.000000000148404,1
863,HFLGTLVKLAKKIL,3.9999999969793545,1
864,HFLGTLVNKAKKIL,128.00000010378406,1
865,HFLGTLVNLAKKIK,128.00000010378406,1
866,HFLGTLVNLAKKKL,128.00000010378406,1
867,HFLGTLVNLKKKIL,128.00000010378406,1
868,HFLKTLVNLAKKIL,8.000000000148404,1
869,HKLGTLVNLAKKIL,128.00000010378406,1
870,HKTDSFVGLM,440.7984726170974,1
871,HKWMSLLKHILK,38.300000002767135,1
872,HLRRINKLLTRIGLYRHAFG,37.17199542273346,1
873,HRHR,100.0,1
874,HRWWRWWRH,16.0000000126762,1
875,HRWWRWWRR,8.000000000148404,1
876,HSDAVFTDNYTRLRKQMAVKKYLNSILN,150.29541328798774,1
877,ICLKKWPWWPWRRCK,7.668069950634951,1
878,IDWKKLLDAAKQIL,9.063499413880857,1
879,IDWLKLGKMVIDAL,2.0000000015474244,1
880,IDWLKLGKMVMDVL,21.51087040404849,1
881,IFGAILPLALGALKNLIK,8.000000000148404,1
882,IFGAIWNGIKSLF,12.737519121417355,1
883,IGCWTKSIPPRPCFVK,43.662416590303536,1
884,IGGYCSWLRL,47.999999989401466,1
885,IGKFLKKAKKFG,375.16850528168914,1
886,IIGHLIKTALGMLGL,11.999999998684073,1
887,IIGLVSKGTCVLVKTVCKKVLKQ,25.000000018879035,1
888,IIGPVLGLIGKALGGLL,159.6999999490767,1
889,IIGPVLGLVGKALGGLL,161.00604611222167,1
890,IIGPVLGLVGSALGGLLKKI,3.0000000019365034,1
891,IIGPVLGMVGSALGGLLKKI,2.1000000012866145,1
892,IIRKIIRK,481.06448397895036,1
893,IKFEPPLPPKKAH,42.61515348897361,1
894,IKIKIKIK,59.03948054319562,1
895,IKKIIKKI,499.999999613144,1
896,IKKIIKKIIK,499.999999613144,1
897,IKKIIKKIIKKI,250.00000018879035,1
898,IKKILSKIKKLLK,4.999999996131441,1
899,IKKIVSKIKKLL,3.1199999998675056,1
900,IKKIVSKIKKLLK,3.1199999998675056,1
901,IKKIVSKIKKVLK,6.249999995048358,1
902,IKKWWSKIKKLLK,1.5599999987267623,1
903,IKLSKETKDNLKKVLKGAIKGAIAVAKMV,6.249999995048358,1
904,IKLSKETKKNLKKVLKGAIKGAIAVAKMV,4.674999998115661,1
905,IKLSKKTKDNLKKVLKGAIKGAIAVAKMV,3.100000001182964,1
906,IKLSPETKDNLKKVLKGAIKGAIAVAKMV,11.249999999884059,1
907,IKLSPETKKNLKKVLKGAIKGAIAVAKMV,3.100000001182964,1
908,IKLSPKTKDNLKKVLKGAIKGAIAVAKMV,2.3500000012252915,1
909,IKLSPKTKKNLKKVLKGAIKGAIAVAKMV,2.3500000012252915,1
910,IKPAGKLFKLFK,368.4064685365328,1
911,IKQLLHFFQRF,42.32223243293074,1
912,IKQLLHFFQRFGGGFIKHFIHRF,21.74372651407792,1
913,IKWAGKLFKLFK,2.7047788013705745,1
914,IKWKAILDAVKKVI,29.537552685283252,1
915,ILAWKWAWWAWRR,1.8223326943265417,1
916,ILGAAWNGAKSLF,74.20818198421775,1
917,ILGAILPLVSGLLSNKL,128.00000010378406,1
918,ILGAVWNGVKSLF,71.24199375766166,1
919,ILGIITSLLKSL,19.67573447039952,1
920,ILGKAWEGAKSLF,70.43909832091677,1
921,ILGKIAEGIKSLF,64.00000000237446,1
922,ILGKIIKVVK,100.0,1
923,ILGKILEGIKSLF,3.9999999969793545,1
924,ILGKILKGIKKLF,2.0000000015474244,1
925,ILGKIWEGIESLF,66.45546237086666,1
926,ILGKIWEGIKSLF,5.190055454029687,1
927,ILGKIWKGIKSLF,33.7693718642706,1
928,ILGKIWKPIKKLF,1.1666666670535226,1
929,ILGKLLKTAAGLLSNL,8.000000000148404,1
930,ILGKLLKTAAKLLSNL,3.9999999969793545,1
931,ILGKLLSTAAGLLKNL,16.0000000126762,1
932,ILGKLLSTAAGLLSKL,31.99999997642847,1
933,ILGKLLSTAAGLLSNL,49.9999999613144,1
934,ILGKLLSTAAKLLSKL,2.0000000015474244,1
935,ILGKLLSTAAKLLSNL,3.9999999969793545,1
936,ILGKLWEGLKSLF,33.24853851113116,1
937,ILGKVWEGVKSLF,67.76113097102699,1
938,ILGLVISTIGNVLGGLLKNL,49.81420297298813,1
939,ILGPVIKTIGGVIGGLLKNL,4.758383216219048,1
940,ILGPVISTIGNALGGLLKNL,50.93298788882521,1
941,ILGPVISTIGNVLGGLLKNL,50.21549475556147,1
942,ILGPVLGLDGNALGGLIKKI,50.98421712582129,1
943,ILGPVLGLVGDTLGDLL,60.060795901940146,1
944,ILGPVLGLVGNALGGLIKKI,5.140238818032515,1
945,ILGPVLGLVGNALGGLIKKL,4.831824493404191,1
946,ILGPVLGLVGSALGGLI,64.56163868620193,1
947,ILGPVLGLVSNALGGLL,62.2681019783048,1
948,ILGPVLGLVSNTLDDVLGIL,49.470742194375724,1
949,ILGPVLSMVGSALGGLIKKI,1.0170487889339694,1
950,ILGTILGLLKGL,9.081474216312222,1
951,ILGTILGLLKSL,12.091171299461978,1
952,ILGTILGPLKGL,255.99999981617657,1
953,ILGTILPLLKGL,255.99999981617657,1
954,ILGTIPGLLKGL,255.99999981617657,1
955,ILKKWPWWPWRRK,8.509331110145709,1
956,ILKWKWPWWKWRR,2.5388655870046795,1
957,ILKWKWPWWPWRR,2.5795449078450736,1
958,ILPILAPLIGGLL,100.0,1
959,ILPILGNLLNGLL,100.0,1
960,ILPILGNLLNSLL,100.0,1
961,ILPILSLIGGLL,67.8333333256474,1
962,ILPIRSLIKKLL,12.499999999768116,1
963,ILPKKKPWWPWRR,3.4892924199718034,1
964,ILPKKWPKLPWRR,3.6376508654458486,1
965,ILPLKLPLLPLRR,2.0298211201521967,1
966,ILPLKLPLLPWRR,3.0958600219025936,1
967,ILPLKLPWLPLRR,6.191720048595794,1
968,ILPLKLPWWPWRR,1.777232984833568,1
969,ILPLKWPWWPWRR,1.7064502172305926,1
970,ILPWKKPKKPKRR,5.969725488265996,1
971,ILPWKKPKKPWRR,5.769819405301227,1
972,ILPWKKPKLPWRR,1.8217355525663859,1
973,ILPWKLPWWPWRR,0.8504991501778058,1
974,ILPWKWKWWPWRR,2.5795449078450736,1
975,ILPWKWPKKPWRR,2.7914339360292253,1
976,ILPWKWPKLPWRR,1.76220938161151,1
977,ILPWKWPLLPWRR,3.5487879106663853,1
978,ILPWKWPLWPWRR,0.8504991501778058,1
979,ILPWKWPWAPARR,11.926020759987285,1
980,ILPWKWPWLPKRR,3.518788702940629,1
981,ILPWKWPWLPLRR,14.195151664631462,1
982,ILPWKWPWLPWKK,1.7602166512393802,1
983,ILPWKWPWLPWRR,0.8504991501778058,1
984,ILPWKWPWLPYRR,3.45078842013928,1
985,ILPWKWPWWKWRR,2.5795449078450736,1
986,ILPWKWPWWPARR,44.63943694142602,1
987,ILPWKWPWWPLRR,1.7064502172305926,1
988,ILPWKWPWWPWRR,2.250000000872093,1
989,ILPWKWPYLPWRR,3.45078842013928,1
990,ILPYKYPYYPYRR,13.950224926029293,1
991,ILSAIWSGIKGLL,30.000000019365025,1
992,ILSAIWSGIKSLF,7.871708245939164,1
993,INLKAIAAFAKKLL,18.495176913029496,1
994,INLKAIAALAKKLF,15.550792528593064,1
995,INLKAIAALAKKLL,6.380711877659242,1
996,INLKAIAALAKKLLG,1.951926269731585,1
997,INLKAIAAMAKKLL,1.001381638868544,1
998,INLKILARLAKKIL,4.624999998492432,1
999,INLLKIAKGIIKSL,3.280959375273852,1
1000,INPKSVQSLL,200.0000001547424,1
1001,INWKALLDAAKKVL,2.463789868493582,1
1002,INWKGIAAMAKKLL,2.3764318097698833,1
1003,INWKGIAAMKKLL,2.4901098889271167,1
1004,INWKKIASIGKEVLKAL,25.800000002184373,1
1005,INWKKIFEKVKNLV,11.799999991682427,1
1006,INWKKIKSIIKAAMN,49.9999999613144,1
1007,INWKKLLDAAKQIL,7.800000005559022,1
1008,INWKKMAATALKMI,1.7911770455594849,1
1009,INWLKAKKVAGMIL,27.066088965632268,1
1010,INWLKLGKAIIDAL,121.21201495441228,1
1011,INWLKLGKKILGAL,15.499999993922286,1
1012,INWLKLGKMVIDAL,2.2391543038161705,1
1013,IPHAVKAISDLI,200.0000001547424,1
1014,IPPFIKKVLTTVF,49.9999999613144,1
1015,IPWGKVKDFLVGGMKAV,8.999999990895756,1
1016,IRCRRRFCRI,64.00000000237446,1
1017,IRIKIRIK,28.37768683192985,1
1018,IRIKIRIKIRIK,40.321672789365785,1
1019,IRIR,100.0,1
1020,IRIRCRRRFCRIRI,3.9999999969793545,1
1021,IRIRIRIR,13.69144561058639,1
1022,IRVKIRVK,247.2044879379,1
1023,IRVKIRVKIRVK,20.756586181658406,1
1024,ISGPVLGLVGNALGGLIKKI,52.10084680164898,1
1025,ISKRILTGKK,223.88910796687532,1
1026,ITIPPIVKDTLKKFIKGAISGVM,20.00000001547424,1
1027,ITIPPIVKDTLKKFIKGAISSVM,20.00000001547424,1
1028,IWLTALKFLGKNLGKHLAKQQLAKL,4.65500000186029,1
1029,IWRIFR,128.00000010378406,1
1030,IWRIFRRIF,3.9999999969793545,1
1031,IWRIFRRIFRIF,1.0,1
1032,IWRIFRRIFRIFIRF,8.000000000148404,1
1033,IWSAIWSGIKGLL,1.9999999996316944,1
1034,IYYPPNHNFP,202.9518072564568,1
1035,KAACAAHCLWR,81.33536407367805,1
1036,KAACAAKCLWR,163.86585789177272,1
1037,KAIAKSILKWIKSIAKAI,1.400000001037238,1
1038,KAKKFGKAFVKI,375.16850528168914,1
1039,KAKLFKKIPKFLHLWKKF,2.0000000015474244,1
1040,KALAKALAKLWKALAKAA,1.4999999998076836,1
1041,KALKKLLAKWLAAAKALL,1.4999999998076836,1
1042,KALWKTMLKKLGTMAL,22.299999980847158,1
1043,KAYSMPRCKGGFRAVMCWL,11.339382965762935,1
1044,KAYSTPRCKGLFRALMCWL,5.56855801964409,1
1045,KDLHTVVSAILQAL,66.3229854149099,1
1046,KFAKKFKWFAKAAFKFFKK,4.171954622042439,1
1047,KFFRKLKKSVKKRAKEFFKKPRVIGVSIPF,27.483958240726004,1
1048,KFGKAFVKILKK,181.97329837467643,1
1049,KFLGTLVNLAKKIL,128.00000010378406,1
1050,KFLHLAKKFPKWKLFKKI,1.5599999987267623,1
1051,KFLKKAKKFGKA,367.35125509783285,1
1052,KFWKLLKKALRLWAKVL,7.470593059026461,1
1053,KFWSLLKKALRLWANVL,5.751075622300762,1
1054,KGIVGMLGKLF,39.99999996979354,1
1055,KIAGKIAAIAGKIAKIAGAIAKIAGK,3.2692310647414224,1
1056,KIAGKIAAIAGKIAKIAGAIAKIAGKIA,6.08065818651778,1
1057,KIAGKIAAIAGKIAKIAGKIAK,29.98087923175972,1
1058,KIAGKIAAIAGKIAKIAGKIAKIA,3.4498678548633284,1
1059,KIAGKIAKIAGKIA,185.2724203246092,1
1060,KIAGKIAKIAGKIAK,169.5452492042247,1
1061,KIAGKIAKIAGKIAKIA,151.1076097931926,1
1062,KIAGKIAKIAGKIAKIAGK,136.21509856916043,1
1063,KIAGKIAKIAGKIAKIAGKIA,3.8766902411631503,1
1064,KIAGKIAKIAGKIAKIAGKIAK,7.2999750872706946,1
1065,KIAGKIAKIAGKIAKIAGKIAKIA,1.6834848211476512,1
1066,KIAGKIAKIAGKIAKIAGKIAKIAGK,3.123478033300433,1
1067,KIAGKIAKIAGKIAKIAGKIAKIAGKIA,2.9138771914336985,1
1068,KIAGKIAKIAKKIAK,161.91849108594892,1
1069,KIAGKIAKKAGKIAK,167.87588686489323,1
1070,KIAGKIAKKAGKIAKIA,149.78016235274401,1
1071,KIAGKIASIAGKIAKIAGKIAK,59.515691919711344,1
1072,KIAGKIASIAGKIAKIAGKIAKIA,3.4262286711520322,1
1073,KIAGKIASIAGKIAKIAGSIAKIAGK,12.908131943573562,1
1074,KIAGKIASIAGKIAKIAGSIAKIAGKIA,3.003800297709579,1
1075,KIAKKIAKIAKKIA,167.97998378425214,1
1076,KIAKVALKAL,36.27759788886904,1
1077,KIAKVALKALKIAKGALKAL,1.7500000007748238,1
1078,KIAKVALKALKIAKVALKAL,1.1249999995656208,1
1079,KIFGAIWPLALGALKNLIK,3.9999999969793545,1
1080,KIGAIKKWGAIKKIGAIK,133.09524530063874,1
1081,KIGAKIKWGAKIKIGAKI,4.159226418708692,1
1082,KIGKAIKWGKAIKIGKAI,133.09524530063874,1
1083,KIKGAIKWKGAIKIKGAI,8.31845284385347,1
1084,KIKIPWGKVKDFLVGGMKAV,24.399999980969127,1
1085,KIKLFKKWPKFLHLAKKF,2.0000000015474244,1
1086,KILGKLWKGVKSIF,5.411156689497116,1
1087,KILGVSKKIMRRISKDILTGKK,101.86453476026286,1
1088,KILRGVAKKIMRTFLRRISKDILTGKK,42.889369810786796,1
1089,KILRGVSKKIMRRILTGKK,115.0131364555478,1
1090,KILRGVSKKIMRRISKDILTGKK,79.92026055199734,1
1091,KILRGVSKKIMRTFLRR,60.875888932575684,1
1092,KILRGVSKRILTGKK,150.84368452862333,1
1093,KISKKIMRTFLRR,152.64325343434768,1
1094,KISKKIMRTFLRRILTGKK,110.44346028859276,1
1095,KISKKIMRTFLRRISKDILTGKK,65.66663388951413,1
1096,KIWFQNKKMKWKK,255.99999981617657,1
1097,KIWFQNRRMKWKK,255.99999981617657,1
1098,KIWVIRWR,13.835743784867775,1
1099,KKAAAAFAAFAAWFAAFAAAAKKKK,31.99999997642847,1
1100,KKAAAFAAAAAFAAWAAFAAAKKKK,31.99999997642847,1
1101,KKAFAAAAAFAAWAAFAKKKK,31.99999997642847,1
1102,KKAGKIAKKAGKIA,181.33156174812675,1
1103,KKAKKFGKAFVK,371.0858060511952,1
1104,KKCRNKKMEVSR,16.59101496290501,1
1105,KKFGKAFVKILK,181.97329837467643,1
1106,KKFWEDDG,249.979567308064,1
1107,KKIGAIKKWGAIKKIGAI,133.09524530063874,1
1108,KKIMRTFLRR,189.81158162569474,1
1109,KKIMRTFLRRISKDILTGKK,105.2192229055883,1
1110,KKIMRTFLRRISKKILTGKK,52.328187346846754,1
1111,KKKAAAFAAWAAFAKKK,31.99999997642847,1
1112,KKKKKKAAFAAFAAFAA,31.99999997642847,1
1113,KKKKKKAAFAAWAAFAA,31.99999997642847,1
1114,KKKKKKAAWAAWAAWAA,31.99999997642847,1
1115,KKKLFWKIPKFLHLAKKF,2.0000000015474244,1
1116,KKKLLLLLLLLLKKK,49.9999999613144,1
1117,KKKVVFKVKFK,2.2701068909610576,1
1118,KKKVVFKVKFKK,2.0770264924894413,1
1119,KKKVVFKVKFKKK,1.914215854701984,1
1120,KKLAGLAKKWAGLAKKLAGLA,7.488293809960742,1
1121,KKLGEPSCNKLK,18.592572043909193,1
1122,KKLIKVFAKGFKKAKKLFKGIG,38.73844228501058,1
1123,KKLLFKLKFK,24.17426137324522,1
1124,KKLLKKLLKWL,1.771950408783857,1
1125,KKLLKWLKKLL,3.6502178425786376,1
1126,KKLLKWLLKLL,1.1462467571076476,1
1127,KKPKKPWKPKK,18.200000000625483,1
1128,KKPKLPWKPKK,16.0000000126762,1
1129,KKPKLPWLPKK,13.300000001007975,1
1130,KKPKLPWLPLK,24.00000001593724,1
1131,KKRLKKIFKKPMVIGVTIPF,53.96161747810432,1
1132,KKRYKKKYKAYKPYKKKKKF,37.49999999009672,1
1133,KKVLFKLKFK,14.663667090807722,1
1134,KKVVFKFKFK,3.607564162410665,1
1135,KKVVFKVKFKK,2.2701068909610576,1
1136,KKVVFKVKFKKK,2.0770264924894413,1
1137,KKVVPKVKFK,83.29454592393849,1
1138,KKVVVKVKFK,6.494399594658754,1
1139,KKWLKKWLK,47.709475994104054,1
1140,KKWMSLLKHILK,28.300000030998746,1
1141,KKWRKLLKKLKKLL,1.0968490261747177,1
1142,KKWRKLLKWLAKK,2.4910130916503426,1
1143,KKWRWWLKALAKK,3.0421949004280013,1
1144,KKWRWWLKALAKKLL,0.25400329532581895,1
1145,KKYRYHLKPFSKK,128.00000010378406,1
1146,KLAGKLAKWAGKLAKLAGKLA,3.74414690208348,1
1147,KLAGLAKKLAGLAKKLAGLAK,7.753380470472363,1
1148,KLAGLAKKWAGLAKKLAGLAK,7.488293809960742,1
1149,KLAGLKAKWAGLKAKLAGLKA,119.81270105429495,1
1150,KLAKGLAKWAKGLAKLAKGLA,3.74414690208348,1
1151,KLALKAALKAWKAAAKLA,45.00000002327806,1
1152,KLALKLALKAWKAALKLA,1.2999999990815272,1
1153,KLFAVIKKVAAVIGGL,30.730166547677943,1
1154,KLFAVIKKVAAVIRRL,54.78447926903219,1
1155,KLGFENFLVKALKTVMHVPTSPLL,255.99999981617657,1
1156,KLKAGLAKWKAGLAKLKAGLA,119.81270105429495,1
1157,KLKKKLKKLLKK,334.2192151361972,1
1158,KLKKLLKKLLKK,337.6075800875965,1
1159,KLKKLLKKLLKL,341.0653529993035,1
1160,KLKKLLKKWLKLLKKLLK,8.000000000148404,1
1161,KLKLLLKLK,33.941332601968234,1
1162,KLKLLLLKLK,1.6533706731027962,1
1163,KLKLLLLLKLK,0.3779838898036629,1
1164,KLKLVALHKQVL,7.19543004054258,1
1165,KLLAKAALKWLLKALKAA,1.60000000126762,1
1166,KLLGPLLKIAAKVGSNLL,12.499999999768116,1
1167,KLLKKLLKWLK,3.543900813781565,1
1168,KLLKRIKKLL,22.352109277351108,1
1169,KLLKRIKTLL,19.582088860620424,1
1170,KLLKVIKKLL,7.527453250625187,1
1171,KLLKWLKKLLK,3.543900813781565,1
1172,KLLKWLLK,24.00677952592228,1
1173,KLLKWLLKL,2.6850750803929735,1
1174,KLLKWWKKLL,16.0000000126762,1
1175,KLLLKLKLKLLK,49.9999999613144,1
1176,KLLLKLKLKLLKGWKRKRFG,25.000000018879035,1
1177,KLLLKLLLKLLK,11.629807494169507,1
1178,KLLNLLPGLLAGIF,12.499999999768116,1
1179,KLPKLPWKPKK,18.70000001995759,1
1180,KLPLIGRVLSGIL,66.70000003171208,1
1181,KLPLLPWLPKK,64.00000000237446,1
1182,KLPLLPWLPLK,64.00000000237446,1
1183,KLSPSLGPVSKGKLLAGQR,66.00000006962247,1
1184,KLVKRFKKFFRKLKKS,31.225414492288614,1
1185,KLWKLWLKWLK,4.666666666225061,1
1186,KLWLLWLKWLL,42.666666651743796,1
1187,KMWSKILGHLIR,41.700000002519744,1
1188,KNLRRIIRKIIHIIKKYGPTILRIIRIIG,1.4247374200851988,1
1189,KNWGAILKHIIK,100.0,1
1190,KNWGKILKHIIK,76.70000000901041,1
1191,KNWKAILKHIIK,65.00000005345306,1
1192,KQFRIRVRVIRK,7.504770693215537,1
1193,KQIKIWFQNKKMKWKK,255.99999981617657,1
1194,KRFKKFFKKLKNSVKKRAKKFFKKPRVIGVSIPF,11.551886714882405,1
1195,KRFKKFFKKLKNSVKKRVKKFFRKPRVIGVTFPF,7.513016246852825,1
1196,KRFKKFFKKVKKSV,71.1796096504603,1
1197,KRFKKFFKKVKKSVKKRLKKIFKKPMVIGVTIPF,7.706555741359493,1
1198,KRFRIRVRVIRK,3.6876796015227407,1
1199,KRIKTLL,70.02461085261908,1
1200,KRIRKRIKKWKR,3.9999999969793545,1
1201,KRIRKRIKKWLR,3.9999999969793545,1
1202,KRIVKLIKKWLR,2.999999999263389,1
1203,KRIVKLILKWLR,5.99999999856388,1
1204,KRIVKRIKKWLR,2.999999999263389,1
1205,KRIVQRIKDFLR,3.9999999969793545,1
1206,KRIVQRIKDWLR,2.0000000015474244,1
1207,KRIVQRIKKWLR,2.999999999263389,1
1208,KRKR,100.0,1
1209,KRLRRVWRRWR,4.999999996131441,1
1210,KRRKLAFRLFRLFLKLVLKK,16.0000000126762,1
1211,KRRKLIKILKLIAKLIRKKR,2.0000000015474244,1
1212,KRRKLIKILKLIIKLIRKKR,2.0000000015474244,1
1213,KRRLFLFRLFRLFLRLFLKK,3.9999999969793545,1
1214,KRRLIARILRLAARALVKKR,8.000000000148404,1
1215,KRRLILRILRLAIRALVKKR,3.9999999969793545,1
1216,KRRWPWWPWRLI,4.4940540564632405,1
1217,KRRWRIWLV,6.094724051308358,1
1218,KRWWKWIRW,3.1666666659585427,1
1219,KSDVRRWRSRY,100.0,1
1220,KSLRRVWRSWR,59.99999994699768,1
1221,KSLVRRWRSRW,30.000000019365025,1
1222,KVFKRLEKLFSKI,6.249999995048358,1
1223,KVVFKVKFK,5.568201064414732,1
1224,KVVFKVKFKKK,2.2701068909610576,1
1225,KWAKKWKWFAKAAWKWYKK,38.92410962286735,1
1226,KWARLWRWFRITRWLWYIK,36.16229261055688,1
1227,KWASLWNWFNITNWLWYIK,38.91120686190249,1
1228,KWCFRVCYRGICYRKCR,7.140484520403239,1
1229,KWCFRVCYRGICYRRCR,1.954194894434134,1
1230,KWFKIQLQIKKWKNKK,31.99999997642847,1
1231,KWFKKIPKFLHLAKKF,3.125000002301909,1
1232,KWFKKIPKFLHLLKKF,1.5599999987267623,1
1233,KWFKRLEKLFSKI,1.5599999987267623,1
1234,KWFRVYRGIYRRR,14.000000010372373,1
1235,KWKKFIKKIGIGAVLKVLTTGLPALKLTKK,4.816072532559443,1
1236,KWKKFIKSLTKSAAKTVVKTAKKPLIV,21.03333970083083,1
1237,KWKKLLKKLLKLL,8.000000000148404,1
1238,KWKKLLKKLLKLLKKLL,3.9999999969793545,1
1239,KWKKLLKKLLKLLKKLLK,3.9999999969793545,1
1240,KWKKLLKKLLKLLKKLLKKLK,8.000000000148404,1
1241,KWKKLLKKLLKLLKKLLKKLKKLLK,8.000000000148404,1
1242,KWKKLLKKLLKLPKKLLKKLKKLLK,2.0000000015474244,1
1243,KWKKLLKKPLKLLKKLL,2.0000000015474244,1
1244,KWKKLLKKPLLKK,12.499999999768116,1
1245,KWKKPLLKKLLKKL,6.249999995048358,1
1246,KWKLFKKI,64.00000000237446,1
1247,KWKLFKKIEKVGQGIGAVLKVLTTGL,2.7840954943132363,1
1248,KWKLFKKIGIGKFLHSAKKF,2.0625000011509544,1
1249,KWKLFKKIGPGKFLHSAKKF,3.125000002301909,1
1250,KWKLFKKIKFLHSAKKF,3.125000002301909,1
1251,KWKLFKKILKFLHLAKKF,3.125000002301909,1
1252,KWKLFKKIPFLHLAKKF,3.125000002301909,1
1253,KWKLFKKIPHLAKKF,6.249999995048358,1
1254,KWKLFKKIPKFLH,6.249999995048358,1
1255,KWKLFKKIPKFLHL,6.249999995048358,1
1256,KWKLFKKIPKFLHLA,6.249999995048358,1
1257,KWKLFKKIPKFLHLAK,3.125000002301909,1
1258,KWKLFKKIPKFLHLAKK,3.125000002301909,1
1259,KWKLFKKIPKFLHLAKKF,18.47975998107639,1
1260,KWKLFKKIPKFLHSAKKF,3.125000002301909,1
1261,KWKLFKKIPLAKKF,6.249999995048358,1
1262,KWKLFKKIPLHLAKKF,3.125000002301909,1
1263,KWKLFKKIPLKKF,12.499999999768116,1
1264,KWKLFKKISKFLHLAKKF,6.249999995048358,1
1265,KWKLKKHIGIGKHFLSAKKF,64.00000000237446,1
1266,KWKLWKKIEKWGQGIGAVLKWLTTWL,0.828679697636451,1
1267,KWKSFIKKLTKKFLHSAKKF,0.15035643490052192,1
1268,KWKW,200.0000001547424,1
1269,KWKWKWKW,12.49999999976812,1
1270,KWKWKWKWKW,12.49999999976812,1
1271,KWKWWKWK,9.37499999740824,1
1272,KWLKKLLKKLL,3.543900813781565,1
1273,KWLKKWL,79.89875222302128,1
1274,KWLKKWLKWLKK,1.5824491203621125,1
1275,KWLLKWL,50.69695642724288,1
1276,KWRRWIRWL,3.125000002301909,1
1277,KYKKALKKLAKLL,10.355930090676486,1
1278,LALKSGGWLRLFGLKDKKH,16.999999985192865,1
1279,LCAAHCLAIGRR,31.94217124970191,1
1280,LCAAHCLAILRR,27.61862027858086,1
1281,LCAAHCLAIRRR,25.85513603417391,1
1282,LCAARCLAIGRR,27.444772690057373,1
1283,LCAIAKKKGKCKGPLKLVCKC,100.0,1
1284,LDPKVVQSLL,200.0000001547424,1
1285,LFFFFF,24.22028275926955,1
1286,LFGLIPSLIGGLVSAFK,14.433235139435348,1
1287,LFGMALKLLKKVL,2.299999999906829,1
1288,LFGVLAKVAAHVVPAIAEHF,64.00000000237446,1
1289,LFRLIKSLIKRLVSAFK,8.855825829141581,1
1290,LGAWLAGKVAGTVATYAWNRYV,3.0000000019365034,1
1291,LHCIALRKK,59.18371777657927,1
1292,LHLIALRKK,58.64064384555498,1
1293,LHRIALRKK,56.41643015874625,1
1294,LIAGLAANFLPKLFCKITK,6.0633253705740175,1
1295,LIGPVLGLVGSALGGLLKKI,3.300000000927876,1
1296,LIGSLVRGILPLF,45.787988070806364,1
1297,LIKHILHRL,437.65978432266564,1
1298,LIKHILHRLGGGFHFHLHF,27.415999910244413,1
1299,LILGKLWKGVKSIF,8.58294193080832,1
1300,LKKAKKFGKAFV,375.16850528168914,1
1301,LKKLLKKL,499.999999613144,1
1302,LKKLLKKLLK,499.999999613144,1
1303,LKKLLKKLLKKL,62.49999995048356,1
1304,LKKLLKKLLKW,6.379021468765759,1
1305,LKKLLKWLKKL,6.379021468765759,1
1306,LKKLLKWLLKLLK,7.635033659329214,1
1307,LKKWLK,245.3815209363574,1
1308,LKKWLKK,212.03745113109767,1
1309,LKKWLKKWLKK,30.021180922263056,1
1310,LKLKAIAALAKKKW,15.170394828817429,1
1311,LKLKSIVSWAKKVL,19.652341994377565,1
1312,LKLLKKLLKKLLKLL,3.0000000019365034,1
1313,LKLLKWLLKLL,2.2450016679314992,1
1314,LKLSPETKDTLKKVLKGAIKGAIAIASLA,4.999999996131441,1
1315,LKLSPKTKDTLKKVLKGAIKGAIAIASMA,1.5500000006789398,1
1316,LKRIKTLL,31.495106192117373,1
1317,LKWGAILKHIIK,11.700000006838467,1
1318,LKWLKKLLKKL,3.543900813781565,1
1319,LKWLKKWLK,36.214473678510906,1
1320,LKWLLKWLL,1.5669228197193148,1
1321,LKWRKMFRW,11.401677009400675,1
